a_line_number	b_z_score	c_source_sent	d_reference_sent	e_system_output	f_neg_error	g_notes	h_source
989	-4.604	Пока неизвестно, каким образом скрипка попала к человеку, сдавшему ее в ломбард, но за ним не числятся никакие прежние столкновения с законом.	It is not yet known how the person who sold the violin to the pawnshop obtained the instrument, but it is known that the seller had no criminal background.	It is not yet known how the violin got to the man who handed it over to the pawnshop, but he has no record of any previous run-ins with the law.	0		
1179	-2.167	Это шоу "Голос", а не шоу "Крутые родственники".	This is the show "Voice", and not the show "Big Shot Relatives".	This is "The Voice", not "Cool Families".	1		
870	-2.15	Тем не менее, все трое проспали, и пенальти не был назначен.	However, none of the three referees did not see it, and no penalty was awarded.	Nevertheless, all three slept, and no penalty was awarded.	1	contradiction? or error in ref translation	
1845	-2.078	Что нужно делать, чтобы не корчить из себя жертву?" - написала @liashukgalina.	What to do not to make a victim out of yourself?" @liashukgalina wrote.	What should be done not to root out the victim? "wrote @ liashukgalina.	1		
1841	-2.032	"Это ты еще не страдала.	“You haven’t truly suffered.	It's you haven't suffered yet.	0		
817	-1.948	Шансов застрять совсем у броневика апокалипсиса Roshel Senator APC нет	The Roshel Senator APC simply has no chance of getting stuck	No chance of getting stuck at all in Roshel Senator APC apocalypse armor	0		
1105	-1.915	Добавим, что уже в следующие выходные в США будет вовсю собирать долгожданный "Веном" с Томом Харди, который - в этом можно не сомневаться - без особых проблем завладеет лидерством в американском бокс-офисе по итогам первых выходных октября.	We’ll add that next weekend in the US, the long-awaited Venom with Tom Hardy will be in full swing. It will without a doubt take over the leading position in the American box office on the first weekends of October.	Add that next weekend in the United States the long-awaited "Vienna" with Tom Hardy, who - no doubt about it - will easily take the lead in the American boxing office following the results of the first weekend of October.	0		
116	-1.81	Но мы очень здорово сыграли в обороне, не дали много шансов сопернику, не позволили поймать нас на сменах, у "Динамо" не было атак с численным преимуществом, поэтому все закончилось хорошо для нас, - приводит слова Хартли пресс-служба омского клуба.	But we played very well in defense, restricted the opponent to few chances, did not allow them to catch us out during substitutions. Dinamo did not have any power plays, so the game ended well for us", said Hartley, as reported by the Omsk press office.	But we played very well defensively, didn't give a lot of chances to the opponent, didn't allow to catch us on shifts, Dynamo didn't have attacks with a numerical advantage, so everything ended well for us, - the press service of the Omsk club quotes Hartley as saying.	0		
1490	-1.472	Раньше у него еще было значение "не зависеть ни от чего, иметь самодовлеющее значение" - "довлеть себе".	Previously, it also had the meaning of "not to depend on anything, to be self-contained" - "to prevail over oneself".	Before, it still had the meaning of "not to depend on anything, to be self-sufficient" - "to dominate yourself".	0		
995	-1.451	"Ростов" три матча подряд не мог выиграть, зато и поражений не знает вот уже пять матчей.	For three games in a row Rostov has not been able to win, but it has gone undefeated now for five matches.	"Rostov" could not win three matches in a row, but knows no defeats for five matches already.	0		
1831	-1.216	Как уточнил собеседник агентства, посетителей в заведении не было, здание покинули несколько работников клуба.	According to the agency’s source, their were no visitors in the club. Several club employees left the building.	As the interlocutor of the agency specified, there were no visitors in the establishment, several workers of the club left the building.	0		
1477	-1.21	"Это могилы , а не пастбище.	One outraged resident of Kemerovo posted (style preserved): "This is a burial place, not a pasture.	"These are the graves, not the pasture.	0		
892	-1.178	Так, Кавано неоднократно признался в своей любви к пиву, однако заявил, что никогда не напивался до беспамятства.	So, Kavanaugh repeatedly admitted to his love for beer, but stated that he had never drunk to the point of memory lapses.	Kavanaugh, for example, has repeatedly professed his love of beer, but has said he never got drunk to the point of oblivion.	0		
1223	-1.138	Наказание грозит компаниям и чиновникам, если они вовремя не передадут данные о возводимом доме в Единую информационную систему жилищного строительства.	Companies and bureaucrats are threatened with the punishment if they do not timely submit data on a building under construction to the Uniform Housing Construction Information System.	Punishment threatens companies and officials if they do not transmit data on the house being built in time to the Unified Housing Construction Information System.	0		
620	-1.067	Согласно данным источника, глава Сербии уточнил, что, говоря о необходимости поддержки с российской стороны, он не имеет в виду военную поддержку по примеру Сирии.	According to the source, the head of Serbia clarified that when speaking of the need for Russian support, he does not mean military support as in Syria.	According to the source, the head of Serbia specified that, when speaking about the need for support from the Russian side, he does not mean military support following the example of Syria.	0		
520	-1.063	"Это ни для кого не секрет, что после побед и восстанавливаться легче, и настроение в коллективе хорошее.	“It is no great secret that after victories it is easier to recover and the mood in the team is positive.	"It is no secret that after victories and it is easier to recover, and the mood in the team is good.	0		
524	-1.057	"Есть такое, немножко соскучился, потому что действительно, неприятная ситуация вышла.	“I did indeed miss it a little, because I really was in an unpleasant situation.	"There is such a thing, a little bit bored, because really, the unpleasant situation has come out.	0		
1553	-1.054	Голодные люди выносят продовольствие из разрушенных магазинов на глазах у полиции, которая не в состоянии этому препятствовать.	Hungry people are taking food from destroyed shops right in front of the police, who are not in a position to prevent this.	Hungry people carry food out of destroyed shops in full view of the police, who are unable to prevent it.	0		
1953	-1.025	Цель - создать варварский псевдохалифат в Центральной Азии - ровно тот, что не получился у них в Ираке и Сирии.	Their goal is to create a barbarian pseudocaliphate in Central Asia - exactly the one that did not succeed in Iraq and Syria.	The goal is to create a barbaric pseudo-caliphate in Central Asia - exactly what they did not succeed in Iraq and Syria.	0		
213	-1.023	Речь шла о планах до 2024 года, но не думаю, что в такие сроки это возможно.	This was planned to happen by 2024 but I don’t think it’s possible in such a short term.	It was about plans until 2024, but I don't think that is possible in such a time frame.	0		
1847	-0.988	"Оля, ты, главное, не расстраивайся.	“Olga, don’t be upset.	"Olya, you, the main thing, don't be upset.	0		
330	-0.979	Как рассказали очевидцы, водитель внедорожника попытался "проскочить" перекресток и не уступил дорогу автомобилю такси.	According to eyewitnesses, the driver of the SUV tried to rush through the intersection and did not yield the right of way to the taxi.	According to witnesses, the driver of the SUV tried to "skip" the intersection and did not give way to a taxi car.	0		
179	-0.959	Комментируя поданный против него комиссией по ценным бумагам и биржам США судебный иск, бизнесмен заявил, что считает обвинения в мошенничестве необоснованными, и добавил, что он очень разочарован и опечален этими претензиями.	Commenting on the court case brought against him by the SEC, the businessman stated that he considers the allegations of fraud unfounded, and added that he is very disappointed and saddened by these claims.	Commenting on the lawsuit filed against him by the US Securities and Exchange Commission, the businessman said that he believes the allegations of fraud are unfounded, and added that he is very disappointed and saddened by the claims.	0		
1417	-0.945	У "Спартака" многое не в порядке в разных линиях, есть несыгранность после введения в состав молодежи.	There’s a lot about Spartak that isn’t right. They haven’t gotten their act together after the younger players came on the team.	Spartak have a lot of things wrong with different lines, there is a lack of play after the introduction to the youth structure.	0		
466	-0.839	При этом Трамп попросил не воспринимать его слова буквально и предупредил, что американские СМИ истолкуют их как некомпетентность.	Trump meanwhile asked people not to take his words literally and warned that American media will interpret his statements as incompetence.	At the same time, Trump asked not to take his words literally and warned that the US media would interpret them as incompetence.	0		
429	-0.833	- В первом тайме у нас не все получалось, но во втором начали появляться моменты.	"In the first half things did not go our way, but in the second half we began to threaten.	- We didn't get everything right in the first half, but in the second we started to have moments.	0		
934	-0.821	Медики островного региона призывают жителей быть активнее и не игнорировать рекомендации врачей.	Doctors in the island region are urging residents to be more proactive and not to ignore the recommendations of doctors.	Medics in the island region are urging residents to be more active and not to ignore doctors "recommendations.	0		
462	-0.809	Трамп отметил, что команда Барака Обамы настолько запустила отношения с КНДР, что даже не могла дозвониться до руководства страны - там попросту не снимали трубку.	Trump notes that Barack Obama’s team had so neglected relations with North Korea that it couldn’t even reach the country’s leadership by phone — the other side basically didn’t pick up the receiver.	Trump noted that Barack Obama's team had so launched relations with North Korea that they couldn't even call the country's leaders - they simply didn't take the phone off.	1		
902	-0.805	На самом деле, [клоны] выглядят, как она, но клонировать душу невозможно", - подчеркнула 76-летняя певица.	In fact, [the clones] look like her, but cloning the soul is impossible," emphasized the 76-year-old singer.	In fact, [the clones] look like her, but you can't clone a soul, "the 76-year-old singer stressed.	0		
1464	-0.795	Вместе с тем, поскольку референдум носил лишь консультативный характер, возможно, власти в Скопье решат не отказываться от переименования.	However, since the referendum was only advisory in nature, the authorities in Skopje may decide not to reject the renaming.	However, since the referendum was only advisory, it is possible that the authorities in Skopje will decide not to abandon the name change.	0		
189	-0.795	"Реал" на своем поле не смог обыграть "Атлетико"	Real could not beat Atletico in the Bernabeu.	"Real" on the pitch could not beat "Atletico"	0		
1399	-0.774	Мы оказались в такой ситуации на самой необгонной трассе сезона, я ничего не мог сделать, и это было очень больно, если честно.	We ended up in such a situation on the track which is the hardest of all to overtake on, I could not do anything, and it was very difficult to be honest.	We found ourselves in this situation on the most unraced track of the season, there was nothing I could do and it was very painful to be honest.	1		
115	-0.746	Нам удалось сегодня хорошо провести третий период, несмотря на то, что мы пропустили ранний гол в этом отрезке и было понятно, что будет непросто в дальнейшем.	We had a good third period today, despite the fact that we let in an early goal in the period and it was clear that it would not be easy.	We managed to have a good third period today, even though we missed an early goal in that stretch and it was clear that it would not be easy in the future.	0		
1482	-0.731	Слова давлеть не существует.	The word 'davlet' does not exist.	The word pressure does not exist.	0		
550	-0.697	Данный договор должен решить не только многолетний спор о названии страны, но и открыть Скопье путь в НАТО и ЕС.	This agreement should solve not only the many-year dispute about the name of the country, but also open a path into NATO and the EU for Skopje.	This treaty should resolve not only the long-standing name dispute, but also open Skopje's path to NATO and the EU.	0		
1452	-0.638	При падении он получил серьезные травмы внутренних органов, и врачи не смогли его спасти.	Upon landing he suffered serious trauma to his internal organs, and doctors were unable to save him.	He suffered serious internal injuries in the fall and doctors were unable to save him.	0		
1299	-0.635	Они очень спешат при завершении атак, поэтому не получается.	They are hurrying in attack and its not quite working out for them.	They are in a great hurry to complete attacks, so it doesn't work.	0		
111	-0.632	В последнее время мы хорошо играли в большинстве, но никак не могли забить.	Recently, we have played well during power plays, but have not been able to score.	Recently, we played well in the majority, but we couldn't score in any way.	0		
396	-0.627	Даже с разрывом в 2 мяча "Ротор" не смог удержать победу в своих руках.	Even though they were ahead by 2 goals, Rotor was not able to bring the game to a victorious conclusion.	Even with a 2-goal gap, Rotor could not keep the victory in their hands.	0		
831	-0.583	Они решили обратиться в ЦИК с ходатайством о регистрации единой инициативной группы и задать россиянам вопрос: "Вы за то, чтобы установленный законодательством о пенсионном обеспечении по состоянию на 1 июля 2018 г. возраст, по достижении которого граждане России получают право на назначение пенсии по старости, не повышался?"	They decided to apply to the Central Electoral Commission to register a single initiative group and ask the public the question: "Are you in favor of the pension age, as established by legislation as of July 1, 2018, at which Russian citizens gain the right to an old-age pension, not being increased?"	They decided to apply to the CEC with a request to register a single initiative group and ask the Russians the question: "Are you in favor of not raising the age set by the legislation on pension provision as of July 1, 2018, at which Russian citizens are entitled to old-age pensions?"	0		
1931	-0.52	В связи с этим в некоторых районах острова до сих пор отсутствует транспортное сообщение, электроснабжение и связь.	Due to this, some island’s regions still remain without transport connection, electricity and telecommunication.	As a result, transportation, electricity and communications are still lacking in some areas of the island.	0		
1881	-0.477	По словам председателя Общественного совета при УФССП России по РК Валерия Богданова, практически за каждым жителем региона числятся долги за коммунальные платежи, штрафы ГИБДД, банковские кредиты, ссуды, и никто не застрахован от непредвиденных ситуаций.	According to Valery Bogdanov, chairman of the Public Council at the Directorate of the Federal Marshals Service of Russia for the Republic of Kalmykia, practically every citizen in the region owes back debt on utility bills, traffic police fines, bank loans, and other forms of credit, and no one is immune from unforeseen situations.	According to Valery Bogdanov, Chairman of the Public Council under the UFSSP of Russia for the Republic of Kazakhstan, virtually every resident of the region has debts for utility payments, traffic police fines, bank loans, loans, and no one is insured against unforeseen situations.	0		
873	-0.475	- На 52-й минуте Турбин не решился удалить защитника гостей Олега Иванова, который нарушил правила в борьбе с Крыховяком, а когда судья показал ему желтую карточку, демонстративно поаплодировал ему.	"In the 52nd minute, Turbin did not dare to send off defender Oleg Ivanov, who commited a foul in a duel with Krychowiak, and when the referee showed him a yellow card, he defiantly applauded him.	- In the 52nd minute, Turbin did not dare to remove the defender of the guests, Oleg Ivanov, who broke the rules in the fight with Krykhovyak, and when the referee showed him a yellow card, demonstratively applauded him.	0		
748	-0.451	29 сентября Telegram-канал "Незыгарь" опубликовал документы, из которых следовало, что Агибалову, ушедшему с должности вице-губернатора, выплатили выходное пособие в размере 23 окладов, а через два дня после этого он снова получил аналогичную должность без приставки "врио".	On September 29, the Nezygar Telegram channel published documents showing that Agibalov was payed 23 monthly salaries as he left the vice governor position, and two days later he received the same position without the “acting as” prefix.	On September 29, Telegram-channel "Nezygar" published documents, from which it appeared that Agibalov, who resigned from the post of vice-governor, was paid severance pay in the amount of 23 salaries, and two days after that he again received a similar post without the prefix "acting".	0		
1181	-0.451	"Тогда надо на собственном шоу предложить выступать папе, а не на шоу, которое делается за деньги 1 Канала".	"Then you have to offer dad to perform on your own show, and not on a show that is made with the money of Channel 1".	"Then you have to ask your dad to perform on your own show, not on a show that is made for Channel 1 money".	0		
996	-0.419	Посмотрим, удастся ли Карпину продлить беспроигрышную серию таким принципиальным для себя матчем.	Let's see whether Karpin will be able to extend his team's winning streak by winning such a key match that they cannot afford to lose.	Let's see if Karpin can extend the win-win streak with such a crucial match for himself.	0		
501	-0.356	При этом, по мнению Ницой, украинцы не применяют агрессивных методов в этом процессе: действия властей, запрещающих использование русского языка, по ее мнению, являются лишь "расширением границ для украинской речи на законодательном уровне".	In this regard, in Nitsoi's opinion, Ukrainians are not using aggressive methods in this process: actions by authorities to prohibit the use of the Russian language, in her opinion, merely "expand the boundaries for Ukrainian speech at a legal level."	At the same time, according to Nitsoy, Ukrainians do not use aggressive methods in this process: the actions of the authorities prohibiting the use of the Russian language, in her opinion, are only "an extension of the boundaries for Ukrainian speech at the legislative level".	0		
1183	-0.356	И я не понимаю, почему безголосый папа должен вызывать у меня понимания больше, чем любой другой участник с реальными вокальными данными.	And I don’t understand why the voiceless dad should evoke a greater appreciation than any other participant with real vocal skills.	And I don't understand why a voiceless dad should arouse my understanding more than any other participant with real vocal data.	0		
980	-0.331	Я не могу сказать, что являюсь болельщиком, так как мое сердце принадлежит "Челси", однако симпатии к "Спартаку" я имею и еще раз хочу извиниться за принятое решение", - приводит слова Терри сайт болельщиков "Челси".	I can’t say that I’m a fan because my heart belongs to Chelsea, but I do like Spartak and want to apologize for my decision", said Terry, as reported by the Chelsea fans website.	I can't say that I am a fan, as my heart belongs to Chelsea, but I have sympathy for Spartak and once again I want to apologize for the decision, "the Chelsea fans" website quotes Terry as saying.	0		
1415	-0.3	Сегодня у "Спартака" нет игры, так что эту ситуацию вообще не требовалось раздувать.	Spartak doesn’t have a game today, so there’s no reason to blow this whole thing out of proportion.	Today, Spartak do not have a game, so this situation did not need to be hyped at all.	0		
1418	-0.299	Отношения внутри команды, судя по всему, не добавляют оптимизма перед этим матчем", - уверен Тарпищев.	“Judging from all of this,” Tarpishev is sure that “this isn’t boosting optimism before the game.”	Relations within the team, apparently, do not add to the optimism before this match, "Tarpischev is sure.	0		
1836	-0.297	Певица и телеведущая Ольга Бузова не может пережить "предательство" участника шоу "Замуж за Бузову" Евгения Назарова, который предпочел ей деньги и ушел с проекта.	Singer and TV host Olga Buzova can’t overcome the “treachery” of a participant of the “Marry Buzova” show who preferred to take money and left the project.	Singer and TV presenter Olga Buzova cannot survive the "betrayal" of the participant of the show "Married to Buzova", Evgeny Nazarov, who preferred money to her and left the project.	0		
415	-0.292	По словам Дроздова, это обусловлено тем, что жителей страны не приучают к культуре чтения с детства.	According to Drozdov, this is because the people don’t get used to the reading culture from their childhood.	According to Drozdov, this is due to the fact that residents of the country are not taught the culture of reading from childhood.	0		
1519	-0.256	"Моя попытка складывалась неплохо, но затем впереди оказался кто-то из гонщиков "Мерседес".	"I wasn't doing badly, but then one of the Mercedes drivers got ahead.	"My attempt was going well, but then someone from the Mercedes drivers was in front.	0		
1357	-0.243	"На позициях ракетчики получат целеуказания и произведут электронные пуски из ракетных комплексов "Бал" и "Бастион" по отряду кораблей условного противника", - рассказал Мартов.	“Not he spot, the missile specialists will receive instructions and launch missiles from the Bal and Bastion missile complexes at the supposed enemy’s ships,” Martov told.	"At the positions, the rocket launchers will receive target instructions and carry out electronic launches from the" Bal "and" Bastion "missile systems against a detachment of ships of the conditional enemy", Martov said.	0	typo in ref?	
1943	-0.23	Не прошло и месяца, как Америка и союзники по НАТО начали там военную операцию "Несокрушимая свобода".	Not a month passed before America and its NATO allies began Operation Enduring Freedom there.	Less than a month later, America and NATO allies launched military operation Enduring Freedom there.	0	temporal done connectly	
759	-0.213	"Если мы начнем этот разговор в нашей мусульманской республике, нас просто с вами не поймут, мягко говоря", - заявил профессор.	"If we start this conversation in our Muslim republic, they will simply not understand us, to put it mildly", - said the professor.	"If we start this conversation in our Muslim republic, we will simply not be understood with you, to put it mildly", the professor said.	0		
306	-0.212	Кстати, выделение пенициллина из плесневых грибов было не первым открытием Флеминга.	By the way, the isolation of penicillin from mold fungi was not the first discovery of Fleming.	By the way, the release of penicillin from mold fungi was not Fleming's first discovery.	0		
55	-0.186	Однако до сих пор к этим работам никто не приступил.	However, so far no one has begun this work.	To date, however, no one has started these works.	0		
1558	-0.147	Второй матч подряд добиваемся результата на характере, что не может не радовать!	For the second match in a row, we get the result on sheer will, which doesn’t fail to make us happy!	For the second match in a row we achieve a result on character, which is a joy!	0		
1998	-0.144	Также сербский лидер планировал попросить поддержки Москвы в сложившейся ситуации, уточнив, что о военной помощи в данном случае речи не идет.	Also, the Serbian leader was planning to ask Moscow for support in the situation, noting that it doesn’t mean military support.	The Serbian leader also planned to ask for Moscow's support in the current situation, specifying that military assistance in this case is not in question.	0		
28	-0.124	Урок истории очевиден: если вы превратите ЕС из сообщества в тюрьму, то стремление покинуть ее не уменьшится, а будет лишь расти, и мы не будем единственным узником, который захочет бежать из плена", - заявил министр.	The lesson from history is clear: if you turn the EU club into a prison, the desire to get out won't diminish, it will grow. We won’t be the only prisoner willing to escape the trap,” claimed the minister.	The lesson of history is clear: if you turn the EU from a community into a prison, the desire to leave it will not diminish, but will only grow, and we will not be the only prisoner who will want to escape from captivity, "declared the Minister.	0		
595	-0.1	Места в заявке королевского клуба не нашлось валлийцу Гарету Бэйлу и испанцу Серхио Рамосу.	Places in the squad of the royal club were not found for Welshman Gareth Bale and Spaniard Sergio Ramos.	There was no room for Welshman Gareth Bale and Spaniard Sergio Ramos in the royal club's bid.	0		
660	-0.088	Дамаск надеется, что в сирийской провинции Идлиб не придется применять военную силу, заявил глава МИД Сирийской Арабской Республики Валид Муаллем.	Damask hopes that there will be no need to apply military force in the Syrian Odlib province, claimed the Syrian minister of foreign affairs Valid Muallem.	Damascus hopes that military force will not have to be used in the Syrian province of Idlib, said Syrian Foreign Minister Walid Muallem.	0		
1775	-0.086	"Я не уйду, пока я не заберу вас, теперь я знаю, кто вы", - сообщила Лохан.	"I will not leave until I take you away, now I know who you are", - said Lohan.	"I won't leave until I pick you up, now I know who you are", Lohan reported.	0		
327	-0.08	"Я ничего не бросал", - подчеркнул президент.	"I didn't drop anything," stressed the president.	"I didn't throw anything", the president emphasized.	1		
180	-0.08	"Честность - это самая важная ценность в моей жизни, и факты докажут, что я никоим образом это не нарушил", сказал бизнесмен в интервью CNBC.	“Honesty is the most important value in my life, and the facts will prove that I didn’t violate it at all,” said the businessman in an interview with CNBC.	"Honesty is the most important value in my life, and the facts will prove that I did not violate it in any way", the businessman said in an interview with CNBC.	0		
1644	-0.08	Мы не можем продолжать в таком духе.	We cannot go on like this.	We cannot continue in this spirit.	0		
1388	-0.08	Я ничего не мог сделать, и это было очень больно	There was nothing I could do and it was really difficult	I couldn't do anything and it was very painful	0		
1848	-0.07	Твой человек не будет на всю страну говорить громких слов и потом просто их не выполнять", - поддержала Бузову @arina_prostyle.	You man won’t be making big promises infant of the whole country without fulfilling them,” @arina_prostyle supported the singer.	Your person will not speak loud words for the whole country and then simply do not carry them out, "- supported Buzova @ arina _ prostyle.	0		
47	-0.07	Тот распорядился раздать эти грибы членам разделенных во время корейской войны семей, которые еще не воссоединились со своими близкими из КНДР.	He ordered that these mushrooms be given to members of families split up during the Korean War who had not yet reunited with their relatives from North Korea.	He ordered that the mushrooms be distributed to members of separated families during the Korean War who had not yet been reunited with their loved ones from the DPRK.	0		
1591	-0.054	На работу объектов промышленности и жизнеобеспечения подземные толчки не повлияли, отмечается в сообщении.	The tremors have not affected the operation of industrial facilities and critical infrastructure, the report says.	The operation of industrial and life-support facilities was not affected by the tremors, the report notes.	0		
865	-0.052	От ворот восемь метров, но Турбин не ставит пенальти.	Just eight meters from the goal line, but Turbin did not call a penalty".	Eight yards from goal, but Turbin doesn't put a penalty away.	1		
642	-0.052	"Я не исключаю, что нынешняя сессия в каком-то смысле может быть поворотной", - допустил Косачев, пояснив, что "слишком много примеров того, как с подключением России удается двигаться вперед в международных делах".	"I do not exclude that the current session in some sense may be pivotal," allowed Kosachev, explaining that "there are too many examples of how with the inclusion of Russia it is possible to move forward in international affairs".	"I do not rule out that the current session may in some sense be a turning point", Kosachev admitted, explaining that "there are too many examples of how, with Russia's involvement, we manage to move forward in international affairs".	0		
1643	-0.032	Нам не удалось быть столь эффективными, как ожидалось, и мы не могли хорошо защищаться.	"We have not been as effective as we hoped, and we have not defend well.	We didn't manage to be as effective as expected and we couldn't defend well.	0		
1858	0.026	Не использовали несколько хороших моментов.	Didn't take advantage of some good chances.	Did not take advantage of a few good moments.	0		
1985	0.038	Нестандартная работенка, не правда ли?" - добавляет Николас Холт.	An unusual job, isn't it?" - adds Nicholas Holt.	Non-standard work, isn't it? "adds Nicholas Holt.	0		
910	0.049	Вопреки мировой практике американское министерство внутренних дел выполняет не полицейские, а гражданские функции, в том числе реализует политику в области природных ресурсов.	Unlike other similarly named government agencies around the world, the department conducts not police functions, but civilian ones, and this includes carrying out policy in the area of natural resources.	Contrary to international practice, the US Department of the Interior performs civilian rather than police functions, including the implementation of natural resources policy.	0		
1391	0.058	"Честно говоря, не очень хочу говорить о том, что в голове.	"To be honest, I don't really want to say what is on my mind.	To be honest, I don't really want to talk about what's in my head.	0		
317	0.085	А еще через несколько лет статую Александра Флеминга в полный рост нам довелось наблюдать в самом неожиданном для этого месте в столице Испании.	And a few years later, we had a chance to see Alexander Fleming's full size statue in the most unexpected place for this in the capital of Spain.	And a few years later, we saw the full-length statue of Alexander Fleming in the most unexpected place in Spain's capital.	0		
862	0.134	Меня удивляет, что напоров во встрече пятого тура "Спартак" - "Динамо", ни сам Турбин, ни руководители ДСИ не сделали серьезных выводов о его низкой квалификации.	It surprises me that with the mess in the fifth round game between Spartak and Dinamo, neither Turbin himself, nor the heads of Dinamo drew any serious conclusions about his lack of abilities.	I am surprised that the pressure in the meeting of the fifth round "Spartak" - "Dynamo", neither Turbin himself nor the heads of the DSI have drawn serious conclusions about his low qualification.	0		
1005	0.135	До сих пор неизвестна судьба еще десятков жителей, которые готовились отмечать национальный праздник на одной из набережных города Палу, который наиболее подвергся разрушению после стихии.	At this time, the fate of dozens of residents, who were preparing to celebrate a national holiday in the coastal city of Palu, the city most damaged by the elements, remains unknown.	The fate of dozens more residents who were preparing to celebrate the national holiday on one of the embankments of the city of Palu, which was most devastated after the disaster, is still unknown.	0		
1595	0.137	Разрушений зданий, погибших и пострадавших не было.	There were no injured persons or damage.	There was no destruction of buildings, no deaths and no injuries.	1		
883	0.144	Значит, арбитр не дает второй пенальти в противоположные ворота.	So the referee did not give a second penalty in the opposition goal.	It means that the referee does not give a second penalty in the opposite goal.	0		
1231	0.158	По словам потерпевшего, неизвестный подошел к нему и завел разговор, однако затем внезапно выхватил нож и потребовал отдать ему деньги и мобильный телефон.	According to the victim, the unknown person approached him and initiated a conversation, but then suddenly grabbed a knife and demanded he give him money and his mobile phone.	According to the victim, an unknown person approached him and started a conversation, but then suddenly pulled out a knife and demanded to give him money and a mobile phone.	0		
261	0.16	Этот фильм мы начали готовить 14 лет назад, это была очень долгая работа, и, что особенно важно для меня, что мы не хотели останавливаться.	We started making this film 14 years ago, it was really a lot of work, and what was especially important for me is that we did not want to stop.	We started preparing this film 14 years ago, it was a very long work, and, most importantly for me, we didn't want to stop.	0		
1400	0.16	Не хочу больше об этом говорить", - приводит слова Сироткина РИА "Новости".	I do not want to talk about it anymore", said Sirotkin to RIA Novosti.	I don't want to talk about it any more, "RIA Novosti quotes Sirotkin as saying.	0		
878	0.164	- Олег Иванов сказал после матча о двойных стандартах судейства, что каким-то командам ставят пенальти за такие нарушения, как в эпизоде с Идову, а каким-то нет.	"Oleg Ivanov talked after the match about refereeing double standards in that some teams are awarded a penalty for such violations, as in the incident with Idowu, and others are not.	- Oleg Ivanov said after the match about double standards of refereeing that some teams are given a penalty for such violations, as in the episode with Idowu, and some are not.	0		
1851	0.196	Ранее Назаров объяснил свое решение взять 2 млн рублей и отказаться от Бузовой тем, что у певицы отсутствуют симпатии к нему.	Earlier, Nazarov explained his decision to take 2 million roubles and leave Buzova with the fact that the singer doesn’t have affection to him.	Earlier, Nazarov explained his decision to take 2 million roubles and refuse Buzova by the fact that the singer does not have sympathy for him.	0		
923	0.196	Акцент Национального кинофестиваля дебютов "Движение" сделан на молодом кино, но не в плане возраста постановщиков, а на состоянии их духа, желании и способности рисковать.	The "Dvizhenie" National Film Festival of Debut Films focuses on youth cinema. However, this is not to be understood as a reference to the age of the producers, but to their inner spiritual state and their desire and willingness to take risks.	The emphasis of the National Film Festival of Debuts "Movement" is on young cinema, but not in terms of the age of the producers, but on the state of their spirit, willingness and ability to take risks.	0		
1275	0.196	По словам ее пресс-секретаря, такое предложение следует рассматривать как запоздалое и несерьезное.	According to her press secretary, such a proposal should be regarded as belated and not serious.	According to her spokesman, such a proposal should be seen as belated and not serious.	0		
5	0.196	Он также не исключил, что реальные цифры призванных в армию украинцев могут быть увеличены в случае необходимости.	Also, he doesn’t exclude that the real numbers of conscripts in the Ukrainian army can be raised is necessary.	He also did not rule out that the real figures of Ukrainians conscripted into the army could be increased if necessary.	0		
1679	0.207	Также участники мероприятия заявили, что спасение мигрантов в Средиземном море должно перестать считаться правонарушением.	Also, the participants of the event claimed that saving the migrants in the Mediterranean shouldn’t be considered a crime.	The participants of the event also said that rescuing migrants in the Mediterranean Sea should cease to be considered an offence.	0		
1817	0.228	Какой-либо административно-финансовой подотчетности Московской патриархии не существует.	"It is in no way administratively or financially accountable to the Moscow Patriarchate.	There is no administrative-financial accountability of the Moscow Patriarchate.	0		
1777	0.233	Сам момент не попал на видео, но актриса сообщила о случившемся своим подписчикам после инцидента.	The actual moment was not recorded on video, but the actress reported the incident to her subscribers after the incident.	The moment itself was not caught on video, but the actress reported the incident to her followers after the incident.	0		
1984	0.238	"Нечасто бывает, что придешь домой, тебя спрашивают: "Ну, как поработал?", а ты отвечаешь: Представляешь, я забрасывал апельсинами обнаженного мужчину.	"It is not often that you come home, and you are asked: "So, how was work?", and you answer: Can you imagine, I threw oranges at a naked man.	"It is not often that you come home and you are asked", Well, how did you work? "and you answer", Imagine, I threw oranges at a naked man.	0		
1427	0.247	Альтернативная энергетика выработать такие объемы пока не способна.	Alternative sources can’t produce this amount of energy yet.	The alternative energy industry is not yet capable of generating such volumes.	0		
685	0.254	При этом точных данных о его размерах пока нет.	However there is no precise information about its length.	At the same time, exact data on its size are not yet available.	0		
1283	0.255	Причем, знания слушатели получают не только теоретические - в программе клуба также проведение практических сборов.	Moreover, students will be able to gain not only theoretical knowledge. The club's program also focuses on practical training.	Moreover, the students receive knowledge not only theoretical - the club's program also includes practical training sessions.	0		
1079	0.26	Ганзя посетовала на то, что парламентариям не компенсируют представительские расходы.	Ganza complained that parliamentarians are not compensated for expenses.	Ganzia complained that parliamentarians are not compensated for their hospitality expenses.	0		
135	0.275	Гонщик команды "Мерседес" Льюис Хэмилтон, ставший победителем 16-го этапа чемпионата "Формулы-1" Гран-при России, в шутку пообещал не устраивать президенту России Владимиру Путину душ из шампанского, как в 2015 году.	The Mercedes race Lewis Hamilton who won the 16th stage of Formula-1 Grand-prix Russia, made a joke promising Putin not to spray Champagne into him, as he did in 2015.	Mercedes team driver Lewis Hamilton, who won the 16th stage of the Formula One championship at the Russian Grand Prix, jokingly promised not to give Russian President Vladimir Putin a champagne shower, as in 2015.	0		
1413	0.29	Я думаю, итальянцу не хватает гибкости восприятия ситуации.	I think that Italian isn’t flexible enough in his perception of the situation.	I think the Italian lacks the flexibility of understanding the situation.	0		
1971	0.319	Выбор, который сделают граждане Македонии, определит будущее не только Балкан, но и Европы в целом".	The choice that the citizens of Macedonia will make will determine the future not only of the Balkans, but also of Europe as a whole".	The choice that Macedonia's citizens will make will determine the future not only of the Balkans, but of Europe as a whole".	0		
1096	0.334	Несмотря на вылет из топ-3, продолжает удивлять со знаком "+" триллер с Блейк Лайвли и Анной Кендрик "Простая просьба": за 17 дней в американском прокате картина Пола Фига, от которой каких-то нереальных финансовых свершений изначально не ждали от слова "совсем", собрала $43 млн (включая 6,6 млн за 28-30 октября) и прямо сейчас имеет аж 62,9 млн общей выручки.	In spite of its departure from the top 3, the thriller A Simple Favor, with Blake Lively and Anna Kendrick, continues to be an incredible surprise: The movie was not realistically expected to perform well financially, but during 17 days in distribution in America this movie by Paul Feig collected $43 million (including $6.6 million for 28-30 October). And right now it actually has $62.9 million in total sales.	Despite dropping out of the top 3, the thriller with Blake Lively and Anna Kendrick "A Simple Request" continues to surprise with a "+" sign: in 17 days at the US box office, Paul Fieg's film, from which some unrealistic financial accomplishments were not initially expected from the word "at all", has collected $43 million (including 6.6 million for October 28-30) and right now has as much as 62.9 million total revenue.	1		
1568	0.334	Она написала на своей страничке, что ее четырехлетний сын в течение всего года парковал свой беговел (детский велосипед без педалей) около одного и того же фонарного столба.	She wrote on her page that her four-year old son parked his balance bike (children's bicycle without pedals) on the same lamppost all year.	She wrote on her page that her four-year-old son had been parking his treadmill (a pedal-less children's bike) near the same lamppost all year round.	0		
1534	0.334	Он рассказал, что ночью неизвестные похитили аккумулятор из автомобиля, который стоял в ограде, а также срезали электрокабель с гаража.	He reported that at night, unknown persons stole a battery from his car that was parked by a fence, and they also made off with an electrical cable from the garage.	He said that during the night, unknown men stole a battery from a car that was parked in a fence, and also cut an electrical cable from the garage.	0		
211	0.334	Результатом нашего совещания с автопроизводителями должно стать в обозримом будущем как раз создание российского болида "Формулы-1", который не имеет аналогов в мире, - заявил Дмитрий Козак.	Our meeting with car producers should result in creating a Russian car for Formula-1 in the nearest future which would have no analogs in the world, said Kozak.	The result of our meeting with car manufacturers should be, in the foreseeable future, the creation of a Russian Formula One car, which has no analogues in the world, said Dmitry Kozak.	0		
672	0.335	Первый вице-спикер Верховной Рады Ирина Геращенко извинилась перед осужденным в РФ за "шпионаж" украинским журналистом Романом Сущенко за то, что его до сих пор не удалось освободить из застенков.	The first vice-speaker of the Verkhovna Rada, Irina Gerashchenko, apologized to the Ukrainian journalist Roman Sushchenko, who was convicted in the Russian Federation for "espionage", for not being able to release him from the dungeons.	First Deputy Speaker of the Verkhovna Rada Irina Gerashchenko apologized to the Ukrainian journalist Roman Sushchenko, who had been convicted in the Russian Federation for "espionage", for the fact that he had still not been released from detention.	0		
644	0.347	"Пока это, к сожалению, не Украина, но я не сомневаюсь, что и российское видение украинского кризиса тоже будет со временем востребовано", - добавил парламентарий.	"At the moment, unfortunately, it is not Ukraine, but I do not doubt that in time the Russian view on the Ukrainian crisis will also be sought," the parliamentarian added.	"So far, unfortunately, it is not Ukraine, but I have no doubt that the Russian vision of the Ukrainian crisis will also be in demand over time", the parliamentarian added.	0		
1785	0.396	При счете 3:6, 2:4 россиянка отказалась от продолжения борьбы из-за проблем со здоровьем.	With the score at 3:6, 2:4, the Russian woman could not continue the duel because of health problems.	At the score of 3: 6, 2: 4 the Russian refused to continue the fight because of health problems.	0		
1150	0.397	При этом результаты голосования не будут иметь обязательной юридической силы, но будут носить консультативный характер.	At the same time, the results of the voting will not be legally binding, but will be of a consultative nature.	The results of the vote would not be legally binding, but would be consultative.	0		
1538	0.399	Установлено, что они проникли во двор и совершили хищение, причем планировали сдать кабель длиной около 30 метров на металлолом, но не успели.	It was established that they had entered the courtyard and stolen the property. They had planned to pawn the cable, which was about 30 meters long, for scrap, but they had not managed to do so before they were caught.	It is established that they entered the yard and committed theft, and planned to hand over the cable, which is about 30 meters long, for scrap metal, but did not have time.	0		
1389	0.401	Сергей Сироткин: Я ничего не мог сделать, и это было очень больно	Sergey Sirotkin: There was nothing I could do and it was really difficult	Sergei Sirotkin: I couldn't do anything, and it was very painful	0		
1024	0.403	Менталитет русского и немецкого народов разный, но немногочисленные отличия между ними не играют большой роли для взаимопонимания.	Russians and Germans have different mentality but these differences don’t prevent them from understanding each other.	The mentality of the Russian and German peoples is different, but the few differences between them do not play a big role for mutual understanding.	1		
944	0.403	Они не пострадали, поскольку пилоты успели среагировать и остановить набирающий скорость самолет.	They were not harmed, since the pilots managed to react and stop the accelerating plane.	They were not injured, as the pilots had time to react and stop the plane gaining speed.	0		
1476	0.407	Комментаторы высказали разные мнения: кто-то из местных жителей отметил, что в присутствии на кладбище мелкого рогатого скота нет никакого вреда, а их аппетит даже может помочь в расчистке территории от сорняков и зарослей травы, однако некоторым из жителей города поведение животных не пришлось по душе:	Commentators expressed various opinions: some local residents noted that a few livestock in the small cemetery causes no harm to anyone, and their appetite could even help clear the area of weeds and mow the grass. Nevertheless, some residents of the city are not enamored of the animals.	Commentators expressed different opinions: some locals noted that there was no harm in the presence of small cattle in the cemetery, and their appetite could even help in clearing the area of weeds and grass thickets, but some of the city's residents did not like the animals "behavior:	0		
641	0.408	Глава профильного комитета Совфеда не исключает, что это свидетельствует о некой тенденции, которая, по его мнению, "будет выделять нынешнюю сессию [Генассамблеи ООН], хотя в полной мере эта тенденция, возможно, проявится через год, через два, три".	The head of the Federation Council committee does not exclude that this indicates a kind of tendency which, in his opinion, "will distinguish the current session [of the UN General Assembly], although this tendency may only fully manifest itself in a year, in two, three".	The head of the relevant committee of the Security Council does not rule out that this indicates a certain trend, which, in his opinion, "will single out the current session [of the UN General Assembly], although the full extent of this trend will probably emerge in a year, two, three years".	0		
1063	0.411	В качестве одной из причин его ухода близкий к Кремлю источник "Ъ", называл личные обстоятельства, отмечая, что по качеству работы к главе управления существенных претензий не было.	As one of the reasons for his departure a source close to the Kremlin named personal circumstances, noting that there were no substantial complaints about the quality of his work as head of the directorate.	As one of the reasons for his departure, a source close to the Kremlin, Kommersant, cited personal circumstances, noting that in terms of the quality of work to the head of the department, there were no significant claims.	0		
367	0.412	Это не только (авиабаза НАТО. Ред.) в бухте Суда на острове Крит, откуда истребители взлетают для ударов.	It is not only (NATO aviation base - edit.) in the Suda bay on the Krit island, a starting point for the attack jets.	It's not just (the NATO air base) in Suda Bay on the island of Crete, from where fighter jets take off for strikes.	0		
845	0.417	"Непростая игра была, сложная.	"It was not an easy game. It was complicated.	It wasn't an easy game, it was a difficult game.	0		
1047	0.421	В Волгограде в последний день сентября осадки не прогнозируются.	In Volgograd, no precipitation is predicted for the last day of September.	In Volgograd, no precipitation is forecast on the last day of September.	0		
621	0.437	Александр Вучич заявил, что не желает допустить сценария, при котором на территории государства могут случиться какие-то крупные военные столкновения.	Alexandar Vucic said he did not want to allow a scenario in which any major military clashes could ignite in the state.	Aleksandar Vucic stated that he does not want to allow a scenario in which some major military clashes could occur on the territory of the state.	0		
1849	0.461	"Ты королева и тебе нужен король, а тот, кто променял тебя на бумажки, просто он не достоин тебя.	“You are a queen and you need a king. The one who exchanged you for papers doesn’t deserve you.	"You are a queen and you need a king, and the one who traded you for pieces of paper is simply not worthy of you.	0		
719	0.463	Начали делать анализы, оказалось, плохи дела, артерия не пропускает кровь.	They began to do tests, and the resuls turned out to be bad, the artery was not allowing the flow of blood.	They started to do tests, it turned out that things were bad, the artery didn't allow blood to pass.	0		
645	0.467	Это связано с тем, полагает он, что появляется "адекватное, здравое восприятие России как не просто возможного - неотъемлемого участника в решении глобальных проблем современности".	He supposes that this is connected with the appearance of a "sensible, reasonable perception of Russia as not just a possible but integral participant in the solution of global problems of our time."	This is because, he believes, there is an "adequate, sound perception of Russia as not just possible - an integral participant in the solution of the global problems of our time".	0		
640	0.472	"Если внимательно проанализировать выступление президента США, президента Франции, выступление министра иностранных дел Германии, я сейчас не беру Украину, Грузию, или британцев, во всяком случае, хора не было совершенно точно", - обратил внимание политик, заметив, что Россия "больше не являлась некоей стенкой, о которую тренируют удары теннисным мячиком".	"If one carefully analyses the speech of the president of USA, the president of France, the speech of the foreign minister of Germany, I'm not now taking Ukraine, Georgia, or the British, in any case, there was certainly no choir," the politician pointed out, noting that Russia "is no longer a kind of wall on which to practise hitting a tennis ball".	"If you carefully analyze the speech of the President of the United States, the President of France, the speech of the Minister of Foreign Affairs of Germany, I do not now take Ukraine, Georgia, or the British, at any rate, the chorus was not absolutely accurate", the politician noted, noting that Russia "was no longer some kind of wall against which tennis ball blows are trained".	1		
1478	0.472	Нечего баранам там делать.	Sheep have no business being there.	Nothing for the sheep to do there.	0		
263	0.472	Как отмечает корреспондент Euronews Карлос Марласка, фильм Исаки Лакуэсты органично вписался в коллекцию картин, которые получали "Золотые раковины", "но фестиваль в Сан-Себастьяне не обошелся и без неожиданных, порой шокирующих решений жюри, которые иногда даже называют визитной карточкой конкурса".	As the Euronews correspondent Carlos Marlaska notes, the film by Isaki Lacuesta fits well into the collection of films that received "Golden Shells", but the festival in San Sebastian did not pass without unexpected, at times shocking jury decisions that are sometimes called the hallmark of the competition".	As Euronews correspondent Carlos Marlasca notes, Isaki Lacuesta's film fit seamlessly into the collection of films that received the Golden Shell, "but the San Sebastián festival was not without unexpected, sometimes shocking, jury decisions, which are sometimes even called the calling card of the competition".	0		
1497	0.472	Но это слово устаревшее, в своем правильном значении уже не использующееся.	But this word is obsolete and in its correct meaning it is no longer used.	But the word is obsolete, in its correct meaning no longer used.	0		
1863	0.472	Не забили, с нулем голов игры не выигрываются, но само содержание игры было правильным.	Did not score, and with no goals you cannot win a game, but the very content of the game was right.	We didn't score, with zero goals games are not won, but the content of the game was right.	0		
1193	0.472	Тогда метру и в голову не пришло брать сына в собственную команду.	Then in no way did it occur to the mentor to take his son into his own team.	Back then, it never occurred to him to take his son on his own team.	0		
1555	0.481	Отсюда военным грузовым самолетом были эвакуированы в Макассар 200 человек - прежде всего, раненые, а также приехавшие сюда туристы, которые не могли вернуться домой.	From here, a military cargo plane evacuated 200 people to Makassar - first of all, the wounded, and also tourists who had come here and who could not return home.	From here, a military cargo plane evacuated 200 people to Makassar - primarily the wounded, as well as tourists who had come here and could not return home.	0		
1828	0.483	Информация о заложенном в здании взрывном устройстве не подтвердилась.	The information about a bomb left in the building didn’t confirm.	Information about an explosive device planted in the building has not been confirmed.	0		
1521	0.5	Впрочем, вряд ли это сильно повлияло на результат"	However, it is unlikely this greatly affect the result"	However, it hardly had a big impact on the result "	0		
150	0.5	Алексей Кокорин еще не отработал первый губернаторский срок, его полномочия истекают в 2019 году.	Alexei Kokorin has not yet served out his first gubernatorial term, his term in office ends in 2019.	Alexei Kokorin has not yet served his first term as governor, and his term is due to expire in 2019.	0		
808	0.51	Этот бункер, а иначе конструкцию не назовешь, так как уровень ее бронирования соответствует стандарту В7, установлен на шасси мощного пикапа Ford Super Duty.	This bunker (it could not be called anything else, since its armor level satisfies the B7 standard) is installed on the chassis of the powerful Ford Super Duty pickup truck.	This bunker, or else the structure cannot be called, as its booking level corresponds to the B7 standard, is mounted on the chassis of a powerful Ford Super Duty pickup truck.	1		
188	0.531	Маск - "неплохой парень, который не умеет управлять автомобильной компанией".	Musk is “not a bad guy, but he’s not capable of managing a car company.”	Musk is "not a bad guy who doesn't know how to run a car company".	0		
1028	0.534	Но мне кажется, для взаимопонимания между народами и для работы переводчика это не играет весомой роли", - сказала специалист в комментарии "РИА Новости".	But it seems to me, for mutual understanding between the people and for work of the translator it doesn't play a major role,” she said in the interview to RIA Novosti.	But it seems to me, for mutual understanding between peoples and for the work of an interpreter, this does not play a significant role, "the specialist said in a comment to RIA Novosti.	0		
475	0.538	По итогам переговоров стороны выразили намерение двигаться в сторону мирного разрешения противоречий, хоть и не взяли на себя никаких юридических обязательств.	At the end of the negotiations, the two sides expressed the intention to move in the direction of a peaceful resolution of the conflict, while not taking on any legal obligations.	As a result of the talks, the sides expressed their intention to move towards a peaceful resolution of the differences, although they did not undertake any legal obligations.	0		
233	0.538	Его контракт с "Уильямс" заканчивается в конце сезона, а результаты пока не впечатляют: он занял 18-е место в квалификации Гран-при России.	His contract with “Williams” is until the end of season, but the results aren’t striking: he took the 18th place in the Russian grand prix qualification.	His contract with Williams ends at the end of the season, and the results so far have not been impressive: he finished 18th in qualifying for the Russian Grand Prix.	0		
477	0.589	Вместе с этим, другие практические шаги на пути денуклеаризации Северной Кореи пока буксуют.	At the same time, no other practical steps toward the denuclearization of North Korea are being taken.	Meanwhile, other practical steps toward North Korea's denuclearization have so far stalled.	1	difference of scale	
205	0.589	Митрополит также подчеркнул, что УПЦ - это не российская церковь, а украинская, поскольку "верующие этой церкви считают себя украинцами, они патриоты своей страны".	Metropolitan also stressed that the Ukrainian church isn’t Russian, as “the congregation considers themselves Ukrainian, they are patriots of their land".	The Metropolitan also stressed that the UOC is not a Russian church, but a Ukrainian one, because "the faithful of this church consider themselves Ukrainians, they are patriots of their country".	0		
1948	0.589	Как могут, откупаются от боевиков за деньги - лишь бы их не трогали.	Despite their efforts, militants are paid off merely not to touch them.	As they can, they buy off the militants for money - if only they would not be touched.	0		
554	0.589	Если мы проанализируем значение защиты сирийского неба, то увидим, что это является признаком безопасности и стабильности, а не войны.	If we analyse the significance of defence of the Syrian sky, we see that this is a sign of security and stability, and not war.	If we analyze the significance of protecting the Syrian sky, we see that this is a sign of security and stability, not war.	0		
724	0.605	Но жена актера не позволила хоронить живого актера, она свято верила, что сможет справиться с болезнью и больше года не отходила от постели любимого супруга.	But the actor's wife did not allow the living actor to be written off, she firmly believed that he could beat the disease and for over a year did not leave her beloved husband's bedside.	But the actor's wife did not allow the live actor to be buried, she saintly believed that she could cope with the disease and did not leave the bed of her beloved husband for more than a year.	0		
911	0.606	Поэтому заявление Зинке вышло вполне в компетенции возглавляемого им ведомства, хоть и не было лишено политического окраса.	For this reason, Zinke’s announcement falls entirely within his sphere of responsibility, though not without political overtones.	So Zinke's statement fell well within the purview of the agency he heads, though it was not devoid of political overtones.	0		
34	0.608	В частности, до сих пор нет четкой договоренности о том, как стороны будут взаимодействовать после того, как Лондон покинет сообщество.	In particular, there’s still no agreement on how the parties are going to interact after London leaves the community.	In particular, there is still no clear agreement on how the parties will interact after London leaves the community.	0		
1800	0.61	Ранее стало известно, что депутаты Верховной рады работают над реализацией законопроектов №4128 (об изменении подчиненности религиозных общин), №4511 (об особом статусе религиозных организаций) и №5309 (об изменении названия религиозных организаций).	Earlier it became known that deputies of the Verkhovna Rada are working on implementing draft bill No. 4128 (on changing the governance of religious organizations), No. 4511 (on the special status of religious organizations,) and No. 5309 (on renaming religious organizations).	Earlier, it became known that deputies of the Verkhovna Rada are working on the implementation of bills No. 4128 (on changing the subordination of religious communities), No. 4511 (on the special status of religious organizations) and No. 5309 (on changing the name of religious organizations).	0	not negation	
343	0.61	Гвинет и Крис в 2003 году не устраивали пышного торжества.	In 2003 Gwyneth and Chris did not arrange a luxuriant celebration.	Gwyneth and Chris did not host a lavish celebration in 2003.	0		
861	0.61	- Я считаю, что этот арбитр подтвердил свою непригодность к судейству матчей российской премьер-лиги.	"I believe that the referee confirmed that he is not suitable for refereeing matches in the Russian Premier League.	- I believe that this referee has confirmed his unfitness to referee matches of the Russian Premier League.	0		
1186	0.61	Да потому что не пробиться сквозь кумовство!"	Yes, because you cannot break through nepotism!"	Because you can't break through the nepotism! "	0		
1195	0.61	Агутин поступить как профессионал не смог.	Agutin could not act like a professional.	Agutin couldn't act like a professional.	0		
1382	0.61	При этом в правоохранительных органах не исключают, что Хакимзянов мог инсценировать покушение из-за выборов.	At the same time, the law-enforcement agencies do not exclude that Khakimzyanov could have staged an assassination attempt due to the elections.	At the same time, the law enforcement agencies do not rule out that Khakimzyanov may have staged an assassination attempt because of the elections.	0		
567	0.61	Досрочное голосование невозможно без роспуска парламента, а законных оснований для этого пока нет.	Early voting is impossible without dissolving parliament, but there are currently no legal grounds for this.	Early voting is impossible without the dissolution of parliament, and there are no legal grounds for it yet.	0		
1900	0.61	Тем не менее лидер ведущей оппозиционной партии "Внутренняя македонская революционная организация - Демократическая партия за македонское национальное единство" (ВМРО-ДПМНЕ) Христиан Мицкоский заявил, что голосовать на референдуме не будет.	Nevertheless, the leader of the main opposition party "Internal Macedonian Revolutionary Organization - Democratic Party for Macedonian National Unity" (IMRO - DPMNU) Christian Mitskosky announced that he would not vote on the referendum.	Nevertheless, the leader of the leading opposition party, the Inner Macedonian Revolutionary Organization - Democratic Party for Macedonian National Unity (VMRO-DPMNE), Christian Mitskoski, has stated that he will not vote in the referendum.	0		
1479	0.61	Про баранов, конечно не скажешь, что они кощунствуют, но все же не дело это". (стиль сохранен) - отметила в своем сообщении возмущенная кемеровчанка.	Of course, you can't say that the sheep are commiting an act of blasphemy, but that's not the point."	Of course, you can't say about the sheep that they are blasphemous, but that is not the point". (the style is preserved) - noted the outraged resident of Kemerovo in her message.	0		
740	0.61	Таким образом, подчеркнули в пресс-службе, размер единовременной выплаты составил за вычетом подоходного налога 223 892 рубля, а не 1 млн рублей, о котором написали СМИ.	Thus, the one-off payment was 223,892 without the income tax, the press service stated, not one million, as the media reported.	Thus, the press service emphasized, the size of the lump-sum payment amounted to 223,892 roubles net of income tax, not the 1 million roubles reported by the media.	0		
791	0.61	"Нам с детства не прививают культуру чтения и акцептации текстов", - заявил журналист.	"From childhood we were not taught a culture of reading and acceptance of texts", - the journalist said.	"We have not been instilled with a culture of reading and accepting texts since childhood", the journalist stated.	0		
1465	0.61	Выступая вскоре после закрытия избирательных участков, премьер-министр Македонии Зоран Заев, сторонник смены наименования республики, заявил, что, если среди поданных голосов окажется больше "да", то Македония сменит наименование, невзирая на недостигнутый кворум.	Speaking soon after the closure of the polling stations, the prime minister of Macedonia Zoran Zaev, a supporter of changing the name of the republic, said that if among the votes cast there are more "yes" votes, then Macedonia will change its name, despite the quorum not reached.	Speaking shortly after the polls closed, Macedonian Prime Minister Zoran Zaev, a supporter of changing the name of the republic, said that if more "yes" votes were cast, Macedonia would change the name, regardless of the quorum that had not been reached.	0		
1031	0.61	Россия - естественная часть Европы, нет смысла пытаться ее игнорировать.	Russia is a natural part of Europe, there’s no sense in ignoring it.	Russia is a natural part of Europe, there is no point in trying to ignore it.	0		
646	0.61	"Я не хотел бы ошибиться, но у меня есть ощущение, что мы где-то проходим точку, за которой движение уже не будет движением вспять, оно будет движением вперед", - добавил он.	"I hope I am not mistaken, but I have a feeling that we will pass the point somewhere beyond which movement will not be backwards, it will be movement forwards," he added.	"I don't want to make a mistake, but I have a feeling that somewhere we are passing a point beyond which the movement will no longer be a movement backwards, it will be a movement forward", he added.	0		
560	0.62	Господин Пашинян также не исключил, что "снова выведет людей на улицы" для проведения внеочередных выборов, если обсуждение этого вопроса с парламентскими силами не увенчается успехом.	Mr. Pashinyan also did not exclude that "again people will take to the streets" for conducting early elections, if the discussion of this issue with parliamentary forces is not crowned with success.	Mr Pashinyan also did not rule out that he would "take people to the streets again" to hold snap elections if discussions with the parliamentary forces failed.	0		
1693	0.629	И речь идет только о зафиксированных лицах, не считая тех, кто не был идентифицирован, подчеркнул Бондарев.	This figure refers only to those people who have been identified, and does not taken into account those who were not identified, Bondarev emphasized.	And we are talking only about recorded persons, not including those who have not been identified, Bondarev stressed.	0		
1585	0.635	Да, зачастую не все складывалось так, как нужно, и, думаю, он даже часть своего потенциала еще не реализовал.	Yes, things have often not worked out as he hoped, but I think he has still to realize his full potential.	Yes, things often didn't turn out the way they needed to, and I think he hasn't even realized some of his potential yet.	0		
276	0.658	Глава государства уже не первый раз посещает эти края	It isn’t the first visit of the state leader to this region.	It is not the first time the head of state has visited these regions	0		
45	0.671	Собаки - не единственный подарок.	Dogs were not the only present.	Dogs are not the only gift.	0		
676	0.674	Нет ни одной международной встречи, ни одних переговоров, ни одного интервью, где бы Президент Украины, украинская власть, все мы, не требовали оказывать давление на Кремль, оказывать давление на Путина с одним требованием - освобождения Олега, освобождения Романа, освобождения всех-всех политзаключенных Кремля и тех ребят, которых незаконно удерживают на оккупированных территориях Донбасса и Крыма", - рассказала Геращенко.	There is not a single international meeting, not a single negotiation, not a single interview, in which the President of Ukraine, the Ukrainian government, we all, have not demanded that pressure is put on the Kremlin, that pressure is put on Putin, with one demand - Oleg’s release, Roman’s release, the release of the political prisoners of the Kremlin and the people who are being illegally detained in the occupied territories of Donbass and Crimea", - said Gerashchenko.	There is not a single international meeting, not a single negotiation, not a single interview, where the President of Ukraine, the Ukrainian authorities, all of us, did not demand to exert pressure on the Kremlin, to exert pressure on Putin with one demand - the release of Oleg, the release of Roman, the release of all political prisoners of the Kremlin and those guys who are being illegally detained in the occupied territories of Donbas and Crimea, "Gerashchenko said.	0		
1171	0.676	Я уже даже сомневалась, что Агутину хватит сил и совести не тащить до конца своего папу совсем уже к первому месту", - рассуждали Ирина Петровская и Ксения Ларина в программе "Человек из телевизора".	I even doubted that Agutin had the stamina and sense of conscience to not drag his dad to the end all the way to first place", - discussed Irina Petrovskaya and Ksenia Larina in the program "Person from the TV".	I already doubted that Agutin would have the strength and conscience not to drag his dad all the way to the first place, "Irina Petrovskaya and Ksenia Larina argued in the program" The Man from TV".	0		
1495	0.681	Так у нас появилось это самое "д[а]влеть", которое и на письме употребляют через "а", что, по-хорошему, неправильно и невозможно с точки зрения процессов возникновения и развития этих слов.	So we had this very "d[a]vlet’", which is also used in writing with an "a", which, really, is incorrect and impossible from the point of view of the processes of the origin and development of these words.	So we have this very "d", which is also used in writing through "a", which, in a good way, is wrong and impossible from the point of view of the processes of emergence and development of these words.	0		
711	0.686	Болезнь, к сожалению, не щадит никого, а истории популярных людей о победах над раком, дает надежду многим больным.	The disease, unfortunately, does not spare anyone, and popular people’s stories about their victories over cancer give hope to many sufferers.	The disease, unfortunately, spares no one, and popular people's stories of victories over cancer give hope to many sufferers.	0		
895	0.687	Я только и делал, что много пил и совсем не думал о сексе.	“All I did was drink lots of beer, and I wasn’t thinking at all about sex.	All I was doing was drinking a lot and not thinking about sex at all.	0		
811	0.694	Чтобы пассажирам не навредила даже взрывная волна от разорвавшегося рядом с автомобилем снаряда, салон машины оснащен специальными амортизирующими креслами.	In order that passengers not be harmed even by the blast wave of an explosive detonated near the automobile, the interior of the car is equipped with special shock-absorbing chairs.	In order for passengers not to be harmed even by an explosive wave from a shell that exploded next to the car, the interior of the car is equipped with special shock absorbing seats.	0		
422	0.716	Это не первая поездка Владимира Путина на отдых в тайгу.	This is not the first trip of Vladimir Putin to the taiga.	This is not Vladimir Putin's first trip on holiday to the taiga.	0		
1463	0.734	Но, как передает агентство ЭФЕ, лишь 34% явки на воскресном плебисците "не дотянули" до конституционного порога в 50%.	But, as the EFE agency reports, the just 34% turnout at the Sunday plebiscite "did not reach" the constitutional threshold of 50%.	But, as the EFE agency reports, only 34% of turnout in Sunday's plebiscite "fell short" of the constitutional threshold of 50%.	0		
994	0.736	После дерби с ЦСКА, окончившегося справедливой ничьей, "Спартак" с минимальным счетом и не без труда обыграл в Кубке "Черноморец", и пока рано говорить о том, приблизился ли самый популярный клуб России к выходу из кризиса.	After the match with CSKA Moscow, which ended in a fair draw, Spartak was able to beat Chornomorets Odesa with a minimum score and not without some difficulty in the championship. It is still too early to say whether the most popular club in Russia has managed its way out of its crisis.	After the derby with CSKA, which ended in a fair draw, Spartak beat Chernomorets with minimal score and not without difficulty in the Cup, and it is too early to say whether Russia's most popular club has come close to getting out of the crisis.	0		
1811	0.736	Митрополит призвал не идти на поводу у тех, кто вводит верующих в заблуждение.	The Metropolitan urged his followers not to be taken in by those who mislead believers.	The Metropolitan urged not to go along with those who mislead the faithful.	0		
136	0.748	"На этот раз я не буду поливать вас шампанским, да и в тот раз это был кто-то другой", - пошутил Хэмилтон во время короткого разговора с главой государства, передает ТАСС.	“This time I won’t spray you with Champagne, and the last time also it was someone else,” joked Hamilton in a short conversation with the head of the state, TASS reports.	"This time I won't be pouring champagne on you, and this time it was someone else", Hamilton joked during a brief conversation with the head of state, TASS reports.	0		
1962	0.748	Они возникают в результате трудных компромиссов не могут осчастливить абсолютно всех".	They arise as a result of difficult compromises and they cannot make absolutely everyone happy".	They arise from difficult compromises that cannot make absolutely everyone happy".	0		
836	0.748	Но, например, Марина Семенова, возглавляющая вологодскую подгруппу (ее формулировку поддержали еще 15 подгрупп), сказала "Ведомостям", что приглашения не получала и приезжать не планировала: "Мы не поняли, кто друг, а кто враг".	But, for example, Marina Semenova, who heads the Vologda subgroup (the wording of her question was supported by another 15 subgroups), told Vedomosti that she did not receive an invitation and did not plan to take part: "It was not clear who our friend was and who our enemy".	But, for example, Marina Semenova, who heads the Vologda sub-group (its wording was supported by 15 other sub-groups), told Vedomosti that she had not received an invitation and had not planned to come: "We did not understand who is a friend and who is an enemy".	0		
1165	0.748	Когда в слепых прослушиваниях он с первых нот узнал голос своего отца Николая Агутина многие надеялись, что он сохранит нейтралитет и не повернется к исполнителю.	When in blind auditions he recognized the voice of his father Nikolay Agutin from the first notes, many hoped that he would remain neutral and not turn to the performer.	When, in blind auditions, he recognized from the first notes the voice of his father, Nikolai Agutin, many hoped that he would remain neutral and not turn to the performer.	0		
1717	0.748	По словам Порошенко, он как президент будет защищать украинских граждан, где бы они не находились - на востоке или на западе страны.	According to Poroshenko, he as president will protect Ukrainian citizens, no matter where they are - in the east or the west of the country.	According to Poroshenko, as president, he will protect Ukrainian citizens wherever they are - in the east or the west of the country.	0	"no matter where they are" vs. "wherever they are"	
507	0.748	Гнева писательницы не удалось избежать даже Службе безопасности Украины: придя туда и услышав разговоры сотрудников друг с другом по-русски, она учинила скандал и ушла, хлопнув дверью.	Even the Ukrainian Security Service could not evade the writer's wrath: having visited there and overheard conversations among coworkers in Russian, she started a scandal and absconded, slamming the door.	The writer's anger could not be avoided even by the Security Service of Ukraine: when she came there and heard the employees talking to each other in Russian, she caused a scandal and left, slamming the door.	0		
1545	0.75	При этом не уточняется, чем болен ребенок.	The report doesn’t specify the child’s disease.	This does not specify what the child is ill with.	0		
1965	0.752	По мнению журналиста Цветина Чилиманова, Македонии нет смысла вступать в ЕС - достаточно иметь с ним партнерские отношения: "Многие из тех, кому не нравится соглашение, считают, что нынешнее социалистическое правительство во главе с Заевым навязано из вне с тем, чтобы изменить название страны.	According to journalist Tsvetin Chilimanov, it does not make sense for Macedonia to join the EU - it is sufficient to have partnership relations with it: “Many people who do not like the agreement believe that the current socialist government headed by Zaev has been imposed from the outside in order to change the name of the country.	According to journalist Tsvetin Chilimanov, it makes no sense for Macedonia to join the EU - it is enough to have a partnership with it: "Many of those who do not like the agreement believe that the current socialist government, led by Zaev, is imposed from outside in order to change the name of the country.	0		
806	0.759	В свободное от фантазий время инженеры этой компании создают бронеавтомобили для полиции.	In their time spent not pursuing dreams, the engineers of this company make armored cars for the police.	In their spare time, engineers from this company create armored vehicles for the police.	0		
991	0.759	В девятом туре РПЛ нас ждет захватывающее противостояние: "Спартак" примет на своем стадионе в Тушине "Ростов" под руководством Валерия Карпина - человека, как известно, совсем не чужого "народной команде".	Exciting clash awaits fans in ninth round of Russian Premier League Spartak will take on Rostov at its stadium in Tushino under the leadership of Valery Karpin, a man who, as we know, is no stranger to the “people's team”.	In the ninth round of the RPL, an exciting confrontation awaits us: "Spartak" will host "Rostov" at its stadium in Tushin under the leadership of Valery Karpin - a man, as it is known, not at all alien to the "people's team".	0		
708	0.785	"Я даже ложку не мог держать"	"I could not even hold a spoon"	"I couldn't even hold a spoon"	0		
1078	0.792	По ее словам, средняя зарплата депутата составляет 380 тысяч рублей, от которых ничего не остается, поэтому приходится расходовать средства с кредитной карты.	In her words, the average pay of a deputy is 380 thousand rubles, from which nothing is left over, so it is necessary to spend money with a credit card.	According to her, the average salary of a deputy amounts to 380,000 roubles, from which nothing remains, so it is necessary to spend funds from a credit card.	0		
1590	0.794	Пострадавших и разрушений, по данным ведомства, нет.	According to the department, there are no injured persons or damage.	There were no injuries or damage, according to the agency.	0		
649	0.802	По его мнению, это обусловлено тем, что "у так называемого нового либерального порядка, который олицетворяют с Западом, нет ответов на вопросы, как решать мировые проблемы в силу очевидного дефицита идей в глобальном пространстве, дефицита идей по поводу того, как решать проблемы Ближнего Востока, проблемы терроризма, проблемы нераспространения ядерного оружия, проблемы миграции".	In his opinion, this is due to how "the so-called new liberal order, represented by the West, does not have answers to the questions of how to solve international problems due to the obvious lack of ideas in the global space, the lack of ideas on how to solve the problems of the Middle East, problems of terrorism, problems of nonproliferation of nuclear weapons, problems of migration".	According to him, this is due to the fact that "the so-called new liberal order, which is personified with the West, has no answers to the questions of how to solve the world's problems because of the obvious shortage of ideas in the global space, the shortage of ideas about how to solve the problems of the Middle East, the problems of terrorism, the problems of nuclear non-proliferation, the problems of migration".	0		
20	0.805	Речь идет о публикации бизнесмена в Twitter, где он заявил о желании выкупить акции Tesla по $420 за штуку, но так и не сделал этого.	In his Twitter, the businessman claimed that he’d like to buy all Tesla shares at $420 per piece, but he never did it.	It comes after the businessman posted on Twitter that he wanted to buy back Tesla shares at $420 apiece, but never did so.	0		
1552	0.805	Здесь пытаются организовать раздачу продовольствия, питьевой воды, медикаментов и других предметов первой необходимости, но несмотря на принимаемые меры, гуманитарной помощи на всех не хватает.	Here they are trying to organize the distribution of food, drinking water, medicines and other essentials, but despite the measures taken, there is not enough humanitarian aid for everyone.	They are trying to organize the distribution of food, drinking water, medicines and other basic necessities, but despite the measures being taken, there is not enough humanitarian aid for everyone.	0		
1242	0.805	"Консолидированного мнения пока нет", - подчеркнул ученый.	"There is no consolidated opinion yet", - the scientist emphasized.	"There is no consolidated opinion yet", the scientist stressed.	0		
1902	0.809	По словам пресс-секретаря, нынешний референдум решает вопрос о переименовании страны и не более того, тогда как стратегическая цель партии - добиться членства в НАТО и ЕС.	According to the press secretary, the current referendum decides the issue of renaming the country and nothing more, since the strategic goal of the party is to achieve NATO and EU membership.	According to the spokesman, the current referendum resolves the question of renaming the country and nothing more, whereas the strategic goal of the party is to achieve membership in NATO and the EU.	0		
1169	0.813	И теперь уже зрители не готовы прощать Агутину такой несправедливости.	And now the viewers are not ready to forgive Agutin for such an injustice.	And now viewers are no longer prepared to forgive Agutin for such an injustice.	0		
1282	0.821	Однако этими тремя интересными профессиями деятельность клуба не ограничивается - слушатели многочисленных курсов и семинаров также смогут научиться парусному делу, медицине катастроф, пройти парашютную подготовку и получить начальные знания по психологии.	However, the club’s activities are not limited to just these three interesting professions. Students will be able to select from numerous courses and seminars where they will be able to learn about sailing or disaster medicine, undergo parachute training, and gain basic knowledge of psychology.	However, these three interesting professions are not limited to the activities of the club - students of numerous courses and seminars will also be able to learn sailing, disaster medicine, parachute training and basic knowledge of psychology.	0		
1486	0.838	Но "давление" и "довлеть" этимологически не только не близки, но и даже в каком-то смысле противоположны.	But "pressure" and "loom over" are etymologically not only not close and are even in some sense opposed in meaning.	But "pressure" and "domination" are etymologically not only not close, but even in a sense opposite.	0		
1409	0.843	Я бы на месте Карреры на это никак бы не реагировал.	If I were in Carrera’s place I wouldn’t have reacted at all.	I wouldn't have reacted in Carrera's place to that.	0		
725	0.864	Если бы не Ирина, меня бы и в живых сейчас не было.	If it were not for Irina, I would not be alive now.	If it hadn't been for Irina, I wouldn't be alive now.	0		
1232	0.889	Поскольку наличных у потерпевшего не было, незнакомец приказал снять деньги с банковской карточки.	Since the victim had no cash, the stranger ordered him to withdraw money with his bank card.	As the victim did not have any cash, the stranger ordered the money to be withdrawn from the bank card.	0		
1780	0.891	Где было снято видео, актриса не сообщила.	The actress did not report where the video was shot.	The actress did not say where the video was shot.	0		
697	0.929	Концерт, проведение которого запланировано на 29 сентября, так и не был отменен.	The concert, which was planned to he held on 29 September, was nonetheless not canceled.	The concert, which is scheduled for September 29, was never canceled.	0		
1004	0.941	Дело в том, что приборы не зафиксировали приближение волны.	The fact is that sensors did not detect the approaching wave.	The fact is that the instruments did not detect the approach of the wave.	0		
803	0.951	На теме апокалипсиса деньги делают не только производители видеоигр, киностудии и книжные издательства.	The theme of the apocalypse is not just profitable for video game makers, film studios, and book publishers.	On the theme of the apocalypse, it is not just video game manufacturers, film studios, and book publishers that make money.	0		
718	0.974	Там ложку не мог держать, стоять не мог, падал все время.	There I could not hold a spoon, could not stand, and fell over all the time.	I couldn't hold a spoon there, I couldn't stand up, I was falling all the time.	0		
1323	0.976	Сам Хэмилтон после заезда заявил, что не гордится этой победой.	After the race Hamilton himself stated that he was not proud of this victory.	Hamilton himself said after the race that he was not proud of that victory.	0		
1750	0.997	В эту сумму входят не только штрафы и компенсации.	This figure includes not only fines and compensation.	This amount includes not only fines and compensation.	0		
1549	1.031	Они там, должно быть, в полной темноте, без света, но мы могли только поддержать их словами...	They must be there in complete darkness, without light, but we could only support them with words...	They must be there in total darkness, with no light, but we could only support them with words...	0		
901	1.081	"Они не похожи.	"They are not alike.	"They are not alike.	0		
1577	1.112	"К сожалению, они не привлекают такого же внимания, как выходки негодяев".	"Unfortunately, they do not draw the same attention as the mischief of scoundrels."	"Unfortunately, they do not attract the same attention as the antics of scoundrels".	0		
632	1.112	Главный тренер "Локомотива" Юрий Семин рассказал о важности Мануэла Фернандеша, который не может договориться о новом контракте с клубом.	Lokomotiv head coach Yuri Semin spoke about the importance of Manuel Fernandez, who has not been able to agree on a new contract with the club.	Lokomotiv head coach Yuri Semin spoke about the importance of Manuel Fernandes, who cannot agree on a new contract with the club.	0		
1560	1.119	В том положении, в котором мы оказались, иначе просто нельзя!	In the position in which we find ourselves, we have no other option!	In the position we find ourselves in, you simply cannot do otherwise!	0		
1228	1.127	Но как выяснилось - далеко не все с этим согласны.	However, as it turns out, not everyone agrees with this.	But as it turns out - not everyone agrees.	0		
814	1.135	Вооружения в автомобиле нет.	The automobile does not have any weapons.	There are no weapons in the vehicle.	0		
636	1.136	Глава комитета Совета Федерации по международным делам Константин Косачев считает 73-ю сессию Генассамблеи ООН успешной для России и не исключает, что она сможет стать поворотной в восприятии РФ как неотъемлемого участника решения глобальных мировых проблем.	The head of the Federation Council committee on foreign affairs Konstantin Kosachev considers that the 73rd session of the UN General Assembly was successful for Russia and does not exclude that it could become a turning point in the perception of the Russian Federation as an integral participant in the solution of global world problems.	Head of the Federation Council Committee on International Affairs Konstantin Kosachev considers the 73rd session of the UN General Assembly a success for Russia and does not rule out that it could become a turning point in the perception of the Russian Federation as an integral participant in the solution of global world problems.	0		
600	1.153	Ингушское село Даттых, где якобы планируется добывать нефть, не будет передано Чечне.	The Ingush village Dattykh, where there are ostensible plans to obtain oil, will not be transferred to Chechnya.	The Ingush village of Dattykh, where it is allegedly planned to extract oil, will not be handed over to Chechnya.	0		
1682	1.466	Беженцы и мигранты не должны считаться другими, а сама миграция - мать этого общества.	Refugees and migrants shouldn’t be treated as aliens, and immigration itself is the mother of this society.	Refugees and migrants should not be counted as others, and migration itself is the mother of that society.	0		
942	1.466	Киргизский "Боинг" не смог вылететь из Оша в Москву из-за лопнувших при взлете шин правого переднего шасси.	The Kyrgyz Boeing was unable to depart from Osh to Moscow due to buses on the right front chassis that burst during takeoff.	The Kyrgyz Boeing was unable to fly from Osh to Moscow because the tires of the right front landing gear burst during take-off.	0		